id,Country
AISE,Italy
AISI,Italy
AIVD,Netherlands
ASD ACSC,Australia
AW,Poland
BIS,Czech Republic
BND,Germany
BSI,Germany
BfV,Germany
CERT NZ,New Zealand
CERT-UA,Ukraine
CISA,United States
CNI,Spain
CSE,Canada
CSIS,Canada
Canadian Centre for Cyber Security,Canada
DC3,United States
DOT,United States
DTRA,United States
FAA,United States
FBI,United States
HHS,United States
Japan NCO,Japan
Japan NPA,Japan
KAPO,Estonia
MIVD,Netherlands
MS-ISAC,United States
NCSC-NZ,New Zealand
NCSC-UK,United Kingdom
NSA,United States
NÃšKIB,Czech Republic
SBU,Ukraine
SKW,Poland
SUPO,Finland
TSA,United States
U.S. State,United States
U.S. Treasury,United States
USCG CYBER,United States
USCYBERCOM CNMF,United States
VDD,Latvia
VZ,Czech Republic